,name,regarded,smiles,∆∆G,∆G_bound,∆G_unbound,comRMSD,N_constrained_atoms,N_unconstrained_atoms,runtime,LE,outcome,percent_hybrid
26,PV-002728699284-x1498-0A-1-x1537-0A-1,"['x1498', '0A', '1', 'x1537', '0A', '1']",COC1=C(C)C(C)=CC=C1,-6.903854223804331,-7.102489177679836,-0.19863495387550456,1.0014380149528983,8.0,2.0,26.961160898208618,0.6903854223804331,acceptable,34.0
27,Z1741969101-x1498-0A-1-x1537-0A-1,"['x1498', '0A', '1', 'x1537', '0A', '1']",COC1=CC=CC(Br)=C1C,-6.671298904479783,-6.832249773245283,-0.16095086876550035,0.9988733764750609,8.0,2.0,31.955682277679443,0.6671298904479783,acceptable,34.0
25,PV-007110964219-x1498-0A-1-x1537-0A-1,"['x1498', '0A', '1', 'x1537', '0A', '1']",C=CC1=CC=CC(O)=C1C,-6.601825721164908,-6.589538946345745,0.012286774819163068,0.6836310857003189,8.0,2.0,23.085205078125,0.6601825721164908,acceptable,34.0
29,PV-002894222723-x1498-0A-1-x1537-0A-1,"['x1498', '0A', '1', 'x1537', '0A', '1']",COC1=CC=CC(F)=C1C,-6.403758729009802,-6.551850960450372,-0.14809223144056985,1.011129961127243,8.0,2.0,28.7076096534729,0.6403758729009802,acceptable,34.0
145,PV-002837091246-x1594-0A-1-x1604-0A-1,"['x1594', '0A', '1', 'x1604', '0A', '1']",CC1=NN=C(CN(CC(=O)O)C(C)C)N1C,-6.199762717529604,-4.768896958556014,1.4308657589735905,0.8987849019739775,17.0,2.0,21.04100465774536,0.3263033009226108,acceptable,23.0
202,Z2270488223-x0789-0A-1-x1537-0A-1,"['x0789', '0A', '1', 'x1537', '0A', '1']",CC1=C(NC(=O)[C@H]2OCC[C@H]2C)SC=N1,-5.647899360745048,-5.455276869617165,0.19262249112788266,0.3969268285766756,15.0,0.0,24.00976824760437,0.37652662404966986,acceptable,10.0
81,PV-003615179414-x0980-0B-1-x1594-0A-1,"['x0980', '0B', '1', 'x1594', '0A', '1']",CC1=CC=C(F)C=C1C2=CC=C3NC=C(N)C3=C2,-5.539876450207363,-5.989668932243201,-0.4497924820358371,1.3927512216442244,19.0,1.0,22.652222871780396,0.2769938225103682,acceptable,19.0
20,PV-002760482883-x1498-0A-1-x1537-0A-1,"['x1498', '0A', '1', 'x1537', '0A', '1']",COC1=CC=CC=C1C,-5.406064209949096,-5.586655483522614,-0.18059127357351784,1.1500458550045154,8.0,1.0,27.848204135894775,0.6006738011054551,acceptable,34.0
158,Z3513372361-x1594-0A-1-x0789-0A-1,"['x1594', '0A', '1', 'x0789', '0A', '1']",CCC1=CSC(=O)N1CCC2OCCC2C,-5.35543037923257,-5.0328598711411825,0.32257050809138765,1.888878887267523,14.0,5.0,27.347713470458984,0.2818647568017142,acceptable,45.0
28,PV-002857625774-x1498-0A-1-x1537-0A-1,"['x1498', '0A', '1', 'x1537', '0A', '1']",COC1=CC=CC(Cl)=C1C,-5.3416553178012425,-5.497130174335,-0.15547485653375753,1.1533197568787823,8.0,2.0,29.15867304801941,0.5341655317801243,acceptable,34.0
203,Z3856664556-x0789-0A-1-x1537-0A-1,"['x0789', '0A', '1', 'x1537', '0A', '1']",CC1=C(NC(=O)[C@H]2OCC[C@H]2C)SN=C1,-5.10094934621261,-4.871557338565167,0.22939200764744216,0.48434519026157796,15.0,0.0,27.48797583580017,0.3400632897475073,acceptable,10.0
103,Z4042965673-x0147-0A-1-x0771-1A-1,"['x0147', '0A', '1', 'x0771', '1A', '1']",C1=CC=C(CNC2CCC3=C2C=NN3)C=C1,-5.082802812681193,-4.900547780075005,0.18225503260618736,0.8142484219229217,10.0,7.0,29.261483669281006,0.2989884007459525,acceptable,20.0
24,PV-002728190756-x1498-0A-1-x1537-0A-1,"['x1498', '0A', '1', 'x1537', '0A', '1']",C=CC1=C(O)C(C)=CC=C1,-5.062327621558673,-5.010159684840685,0.05216793671798703,0.7302661255498389,8.0,2.0,28.976970672607422,0.5062327621558673,acceptable,34.0
23,PV-002831363625-x1498-0A-1-x1537-0A-1,"['x1498', '0A', '1', 'x1537', '0A', '1']",CCOC1=CC=CC=C1C,-5.024400161083321,-5.293061438572607,-0.26866127748928686,1.1110026234166597,8.0,2.0,31.70761728286743,0.5024400161083321,acceptable,34.0
45,PV-002178972816-x1498-0A-1-x0789-0A-1,"['x1498', '0A', '1', 'x0789', '0A', '1']",CC1=CC=C(C(=O)N2CCCO2)C=N1,-4.9741740679465485,-4.596863045346192,0.37731102260035654,1.16411156330618,18.0,0.0,31.698962926864624,0.27634300377480825,acceptable,27.0
74,Z1823158581-x0980-0B-1-x0147-0A-1,"['x0980', '0B', '1', 'x0147', '0A', '1']",CCN(CC1=CC(F)=CC=C1O)C2=CC=C3NC=CC3=C2,-4.94599345446594,-5.119905767952234,-0.17391231348629477,0.8674048670814756,18.0,5.0,32.89301538467407,0.2150431936724322,acceptable,10.0
97,Z1715357293-x0980-0B-1-x0789-0A-1,"['x0980', '0B', '1', 'x0789', '0A', '1']",CC1=CC=C(F)C=C1NC(=O)C2=CC=NC=C2C,-4.89659657530757,-4.744543532018097,0.15205304328947328,0.9037811179593939,21.0,1.0,26.30769419670105,0.22257257160488955,acceptable,37.0
141,Z4020248842-x1594-0A-1-x1604-0A-1,"['x1594', '0A', '1', 'x1604', '0A', '1']",CC(C)NC(=O)CCCC1=NN=CN1C,-4.851667562153784,-4.766297918017089,0.08536964413669479,1.920514659547116,17.0,2.0,32.3800323009491,0.25535092432388334,acceptable,34.0
22,PV-002821921219-x1498-0A-1-x1537-0A-1,"['x1498', '0A', '1', 'x1537', '0A', '1']",C=CC1=CC=CC=C1O,-4.686952315101345,-4.611646977662089,0.07530533743925517,0.741083791487193,8.0,1.0,21.587323665618896,0.5207724794557049,acceptable,34.0
47,Z1720336150-x1498-0A-1-x0789-0A-1,"['x1498', '0A', '1', 'x0789', '0A', '1']",O=C(C1=CC=C(O)C=C1)N2CCCO2,-4.676802132846337,-4.2628041759206905,0.41399795692564606,1.0775888293742266,16.0,1.0,31.06083106994629,0.2751060078144904,acceptable,19.0
21,PV-002277658301-x1498-0A-1-x1537-0A-1,"['x1498', '0A', '1', 'x1537', '0A', '1']",CSC1=CC=CC=C1O,-4.663511390356238,-4.661208839463235,0.0023025508930029776,0.9567957212654208,8.0,1.0,24.574955463409424,0.5181679322618042,acceptable,34.0
287,Z1738331684-x1247-0A-1-x1305-0B-1,"['x1247', '0A', '1', 'x1305', '0B', '1']",CC1=NC(NC(=O)N(CCC(C)C)C2CCCC2)=CC=N1,-4.564467873287529,-3.3496213690506216,1.2148465042369074,1.5344997473238766,22.0,5.0,37.27263689041138,0.16905436567731588,acceptable,37.0
143,Z1259422247-x1594-0A-1-x1604-0A-1,"['x1594', '0A', '1', 'x1604', '0A', '1']",CC(C)OC(=O)CSCC1=NN=CN1C,-4.524339920709576,-4.093385065860771,0.43095485484880525,1.8275688577875542,16.0,2.0,21.240253925323486,0.25135221781719863,acceptable,30.0
190,Z5340484602-x0789-0A-1-x1594-0A-1,"['x0789', '0A', '1', 'x1594', '0A', '1']",CC1=C(CNC(=O)[C@H]2OCC[C@H]2C)N=CS1,-4.520177767488939,-4.672571524054709,-0.15239375656577026,1.717502434333105,17.0,1.0,19.28980588912964,0.25112098708271885,acceptable,30.0
95,Z56040803-x0980-0B-1-x0789-0A-1,"['x0980', '0B', '1', 'x0789', '0A', '1']",CC1=CC=C(F)C=C1NC(=O)C2=CC=CC=C2N,-4.497250765656193,-4.20812605101786,0.28912471463833256,0.7570108239547004,22.0,1.0,24.050523042678833,0.19553264198505185,acceptable,39.0
285,Z643160412-x1247-0A-1-x1305-0B-1,"['x1247', '0A', '1', 'x1305', '0B', '1']",CC1=CC(NC(=O)N(CCC(C)C)C2CCCC2)=CC=C1,-4.486572289051397,-3.756677417458432,0.729894871592965,0.9269877327142357,20.0,5.0,39.81125450134277,0.17946289156205586,acceptable,30.0
41,Z4218438760-x1498-0A-1-x0789-0A-1,"['x1498', '0A', '1', 'x0789', '0A', '1']",O=C(C1=CC=C(O)N=C1)N2OCCC2CO,-4.404813427273184,-3.119180571875586,1.2856328553975978,1.0744824634601016,17.0,1.0,18.625088453292847,0.24471185707073242,acceptable,24.0
197,Z2271376623-x0789-0A-1-x1594-0A-1,"['x0789', '0A', '1', 'x1594', '0A', '1']",CC1=NC(CNC(=O)[C@H]2OCC[C@H]2C)=C(C)S1,-4.384002176543307,-4.007232731057256,0.3767694454860512,1.5840980300673155,17.0,2.0,28.39309287071228,0.23073695666017405,acceptable,30.0
286,PV-002744392597-x1247-0A-1-x1305-0B-1,"['x1247', '0A', '1', 'x1305', '0B', '1']",CC1=CC=NC(NC(=O)N(CCC(C)C)C2CCCC2)=N1,-4.380799240695645,-2.8241791690823987,1.5566200716132466,0.9171411415210682,22.0,4.0,45.88089632987976,0.16849227848829404,acceptable,35.0
198,Z2287922860-x0789-0A-1-x1594-0A-1,"['x0789', '0A', '1', 'x1594', '0A', '1']",CC1=NC(COC(=O)[C@H]2OCC[C@H]2C)=C(C)S1,-4.377792728581827,-4.089314979509683,0.2884777490721439,1.5713090307989876,16.0,2.0,30.851417541503906,0.24321070714343485,acceptable,25.0
43,Z3638459955-x1498-0A-1-x0789-0A-1,"['x1498', '0A', '1', 'x0789', '0A', '1']",C[C@@H]1CCCN1C(=O)C2=CC=C(O)N=C2,-4.336697914663339,-4.430614461906429,-0.09391654724309001,1.0222704426019185,17.0,0.0,17.618053674697876,0.2550998773331376,acceptable,24.0
171,Z2874434775-x1537-0A-1-x0789-0A-1,"['x1537', '0A', '1', 'x0789', '0A', '1']",CC1=C(NC(=O)[C@H]2OCC[C@H]2C)NN=N1,-4.315006724615172,-3.691953278637433,0.6230534459777385,0.5820736659927748,16.0,0.0,20.315877676010132,0.26968792028844824,acceptable,17.0
208,Z2661440376-x0789-0A-1-x1537-0A-1,"['x0789', '0A', '1', 'x1537', '0A', '1']",C[C@@H]1CCO[C@@H]1C(=O)NC2=CN=CS2,-4.259488100439615,-3.8021992676133705,0.457288832826245,0.4063450478481419,15.0,0.0,15.505688190460205,0.283965873362641,acceptable,10.0
191,Z3582484069-x0789-0A-1-x1594-0A-1,"['x0789', '0A', '1', 'x1594', '0A', '1']",CC1=C(CNC(=O)[C@H]2OCC[C@H]2C)NN=C1,-4.240453481683777,-3.8847209684892725,0.3557325131945044,1.932782230724724,18.0,1.0,23.876982927322388,0.223181762193883,acceptable,31.0
87,PV-006726690333-x0980-0B-1-x1594-0A-1,"['x0980', '0B', '1', 'x1594', '0A', '1']",CC1=CC=C(F)C=C1C2=CC=C3NN=C(O)C3=C2,-4.182995886360875,-4.620081513412028,-0.4370856270511532,1.3691536702615983,19.0,1.0,24.8285653591156,0.20914979431804376,acceptable,19.0
10,PV-004190278975-x1498-0A-1-x1594-0A-1,"['x1498', '0A', '1', 'x1594', '0A', '1']",C=CC1=CC=CN=C1CO,-4.1399563736082134,-3.8476796795179453,0.2922766940902683,1.08548747719972,10.0,2.0,24.645233631134033,0.3449963644673511,acceptable,0.0
70,Z1993970475-x0980-0B-1-x0147-0A-1,"['x0980', '0B', '1', 'x0147', '0A', '1']",CCN(C(=O)C=CC1=CN=CS1)C2=CC(C)=CC=C2C,-4.049429313297103,-3.5527505086789506,0.4966788046181523,1.4752095826713314,20.0,2.0,26.70713758468628,0.18406496878623194,acceptable,22.0
179,Z4181642960-x1537-0A-1-x0789-0A-1,"['x1537', '0A', '1', 'x0789', '0A', '1']",CC1=NN=CN1NC(=O)C2CCCC2C,-3.9442360667020497,-3.3421019995728876,0.6021340671291621,0.6297816579870263,16.0,0.0,22.5815212726593,0.2465147541688781,acceptable,17.0
201,Z2874434775-x0789-0A-1-x1537-0A-1,"['x0789', '0A', '1', 'x1537', '0A', '1']",CC1=C(NC(=O)[C@H]2OCC[C@H]2C)NN=N1,-3.932941043861013,-3.3098891276146523,0.6230519162463609,0.3917315421164394,15.0,0.0,20.65248131752014,0.2621960695907342,acceptable,10.0
118,Z647604120-x0147-0A-1-x1604-0A-1,"['x0147', '0A', '1', 'x1604', '0A', '1']",CC1=NN=C(CN2CCOC(C)(C)C2)N1C,-3.8273348500501423,-3.6673496576576565,0.1599851923924857,0.8482342985720757,17.0,1.0,32.85695695877075,0.21262971389167457,acceptable,20.0
195,Z3369905580-x0789-0A-1-x1594-0A-1,"['x0789', '0A', '1', 'x1594', '0A', '1']",CC1=CN(C)N=C1CNC(=O)[C@H]2OCC[C@H]2C,-3.8140807906976555,-3.439381066951657,0.3746997237459984,1.3034834586452646,18.0,2.0,29.057610273361206,0.19070403953488277,acceptable,31.0
220,Z4043638584-x1305-0B-1-x1083-0A-1,"['x1305', '0B', '1', 'x1083', '0A', '1']",CC(C)C1=CC(CNC[C@H](C)CO)=NO1,-3.7977618510331794,-3.2504026718231125,0.5473591792100668,1.0771326032419637,17.0,2.0,39.200417041778564,0.1998822026859568,acceptable,40.0
3,PV-003668147114-x1498-0A-1-x0147-0A-1,"['x1498', '0A', '1', 'x0147', '0A', '1']",C\C=C\C1=CN=CN=C1,-3.733795972965306,-3.69579838344817,0.03799758951713579,1.6453537653869799,11.0,0.0,29.7513210773468,0.3394359975423005,acceptable,34.0
292,Z1203949181-x1247-0A-1-x1083-0A-1,"['x1247', '0A', '1', 'x1083', '0A', '1']",CCC(C)C(NS(C)(=O)=O)C(=O)NC1=CC=CC(C)=N1,-3.7116107547827886,-3.733280691666183,-0.021669936883394608,1.0329340113781844,22.0,3.0,24.262275218963623,0.14846443019131153,acceptable,35.0
44,Z3651176660-x1498-0A-1-x0789-0A-1,"['x1498', '0A', '1', 'x0789', '0A', '1']",C[C@H]1CCCN1C(=O)C2=CC=C(O)N=C2,-3.693399664962695,-3.526364121022616,0.16703554394007925,1.0892756001105488,17.0,1.0,26.866350173950195,0.2051888702757053,acceptable,24.0
178,Z4181651531-x1537-0A-1-x0789-0A-1,"['x1537', '0A', '1', 'x0789', '0A', '1']",CC1=NN=CN1NC(=O)C2SCCC2C,-3.6862776943513653,-3.258533312454806,0.4277443818965594,0.5636099897956706,16.0,0.0,13.541961193084717,0.23039235589696033,acceptable,17.0
54,Z1438359270-x0771-1A-1-x0147-0A-1,"['x0771', '1A', '1', 'x0147', '0A', '1']",C1=CC=C(CNC2CCC3=C(C=NN3)C2)C=C1,-3.6639029896521222,-3.4449740335557033,0.21892895609641877,0.7900483326696011,15.0,6.0,48.29816174507141,0.17447157093581533,acceptable,40.0
170,Z4181646025-x1537-0A-1-x0789-0A-1,"['x1537', '0A', '1', 'x0789', '0A', '1']",CC1=NN=CN1NC(=O)[C@H]2OCC[C@H]2C,-3.633072418594784,-3.2253105021386683,0.4077619164561156,0.6197055159274975,16.0,0.0,20.768551111221313,0.227067026162174,acceptable,17.0
268,PV-004824573314-x1083-0A-1-x1305-0B-1,"['x1083', '0A', '1', 'x1305', '0B', '1']",C=C(C)C(C)N1CCC(N(C)C)CC1,-3.6176385654157728,-3.420364213312543,0.19727435210322997,0.9891448554439735,14.0,3.0,37.59982419013977,0.212802268553869,acceptable,40.0
140,Z4007161160-x1594-0A-1-x1604-0A-1,"['x1594', '0A', '1', 'x1604', '0A', '1']",CC(C)OC(=O)CCCC1=NN=CN1C,-3.612429156521788,-3.544089445063577,0.0683397114582108,1.7955779402338492,16.0,2.0,30.87823987007141,0.20069050869565488,acceptable,30.0
85,PV-003243892023-x0980-0B-1-x1594-0A-1,"['x0980', '0B', '1', 'x1594', '0A', '1']",CC1=CC=C(F)C=C1C2=CC=C3COC(=O)C3=C2,-3.5728351575111583,-3.984046332649891,-0.4112111751387327,1.3778253032868062,18.0,1.0,25.76409602165222,0.188043955658482,acceptable,10.0
192,Z4436528938-x0789-0A-1-x1594-0A-1,"['x0789', '0A', '1', 'x1594', '0A', '1']",CC1=C(COC(=O)[C@H]2OCC[C@H]2C)N=CS1,-3.5728203449444065,-2.825230825383138,0.7475895195612684,1.5111201122007496,17.0,1.0,23.251229286193848,0.19849001916357814,acceptable,30.0
113,Z3318277596-x0147-0A-1-x1604-0A-1,"['x0147', '0A', '1', 'x1604', '0A', '1']",CC1=NN=C(CN2CC(=O)NC(C)(C)C2)N1C,-3.542990613468311,-3.358504723103888,0.18448589036442326,0.7261571701313692,17.0,1.0,30.25240182876587,0.19683281185935061,acceptable,20.0
207,Z2874851995-x0789-0A-1-x1537-0A-1,"['x0789', '0A', '1', 'x1537', '0A', '1']",C[C@@H]1CCO[C@@H]1C(=O)NC2=CC=NS2,-3.5190079212551097,-3.332043670005666,0.18696425124944338,0.5292884571210835,15.0,0.0,20.79363512992859,0.234600528083674,acceptable,10.0
111,PV-002915901052-x0147-0A-1-x1604-0A-1,"['x0147', '0A', '1', 'x1604', '0A', '1']",CC1=NN=C(CN(CC(=O)O)CC(C)C)N1C,-3.500808015715191,-2.626971807525939,0.8738362081892517,1.0145571258283712,18.0,0.0,33.63503885269165,0.1944893342063995,acceptable,25.0
223,PV-003088955122-x1305-0B-1-x1083-0A-1,"['x1305', '0B', '1', 'x1083', '0A', '1']",CC1CCC(C2=NOC(C(C)C)=N2)C1,-3.4910605449529513,-3.2860017211765404,0.20505882377641094,1.3620754318665675,17.0,1.0,37.048702239990234,0.19394780805294173,acceptable,40.0
222,Z1268437938-x1305-0B-1-x1083-0A-1,"['x1305', '0B', '1', 'x1083', '0A', '1']",CC(CO)CSCC1=NOC(C(C)C)=N1,-3.4230089748983206,-3.1408700583415734,0.2821389165567473,1.0033400262123846,15.0,2.0,49.57262921333313,0.2013534691116659,acceptable,34.0
94,Z3245118213-x0980-0B-1-x0789-0A-1,"['x0980', '0B', '1', 'x0789', '0A', '1']",CC1=CC=C(C)C(NC(=O)C2=CC=NC=C2N)=C1,-3.3906803043158105,-3.1335475501709826,0.2571327541448279,0.708916740849625,22.0,1.0,23.387640237808228,0.14742088279633958,acceptable,39.0
288,Z5287897491-x1247-0A-1-x1305-0B-1,"['x1247', '0A', '1', 'x1305', '0B', '1']",CC(C)N(CCC(=O)NC1=CC=CC=C1)CC2CCCO2,-3.3623209575759545,-2.788895669748459,0.5734252878274956,0.9838955573007131,22.0,5.0,44.90073347091675,0.12453040583614647,acceptable,37.0
205,Z1834955757-x0789-0A-1-x1537-0A-1,"['x0789', '0A', '1', 'x1537', '0A', '1']",CC1CCCC1C(=O)NC2=CN=NS2,-3.2846967999227887,-2.943256545877112,0.3414402540456767,0.4790882366904203,15.0,0.0,20.504169702529907,0.21897978666151924,acceptable,10.0
206,Z5504541880-x0789-0A-1-x1537-0A-1,"['x0789', '0A', '1', 'x1537', '0A', '1']",C[C@@H]1CCC[C@H]1C(=O)NC2=CN=NS2,-3.2511303578378987,-2.887674214964932,0.3634561428729668,0.4837318665154263,15.0,0.0,20.718743085861206,0.21674202385585992,acceptable,10.0
92,Z3245119174-x0980-0B-1-x0789-0A-1,"['x0980', '0B', '1', 'x0789', '0A', '1']",CC1=CC=C(Cl)C=C1NC(=O)C2=CC=NC=C2N,-3.204828913591159,-2.8173455142477,0.38748339934345943,0.732114430793762,21.0,1.0,22.229748487472534,0.14567404152687088,acceptable,37.0
200,Z2274890073-x0789-0A-1-x1537-0A-1,"['x0789', '0A', '1', 'x1537', '0A', '1']",C[C@@H]1CCO[C@@H]1C(=O)NC2=CN=NS2,-3.204283135662383,-2.9778373208868056,0.22644581477557704,0.37901546930964264,15.0,0.0,13.922470569610596,0.21361887571082552,acceptable,10.0
71,Z351584562-x0980-0B-1-x0147-0A-1,"['x0980', '0B', '1', 'x0147', '0A', '1']",CCN(C(=O)C=CC1=CSC=C1)C2=CC(C)=CC=C2C,-3.2030359152252394,-3.5333793713646275,-0.3303434561393881,1.195039913838785,20.0,2.0,32.081735610961914,0.14559254160114724,acceptable,22.0
19,PV-002177027867-x1498-0A-1-x1594-0A-1,"['x1498', '0A', '1', 'x1594', '0A', '1']",NC(=O)NC1=CC=CN=N1,-3.197943489402954,-2.985398642668325,0.21254484673462903,1.4533294522726983,9.0,3.0,30.24089241027832,0.26649529078357953,acceptable,0.0
266,Z2433259795-x1083-0A-1-x1305-0B-1,"['x1083', '0A', '1', 'x1305', '0B', '1']",C[C@@H](N)C(=O)N1CCC(N(C)C)CC1,-3.1899165319472345,-3.054424411484449,0.1354921204627852,0.900115074618086,12.0,4.0,41.500648021698,0.19936978324670215,acceptable,50.0
199,Z5359053934-x0789-0A-1-x1594-0A-1,"['x0789', '0A', '1', 'x1594', '0A', '1']",CC1=NN(C)N=C1CNC(=O)[C@H]2OCC[C@H]2C,-3.1671298925008613,-3.1910565670181628,-0.023926674517301325,1.2768421830667165,17.0,2.0,20.86292266845703,0.16669104697372955,acceptable,28.0
264,Z2843105226-x1083-0A-1-x1305-0B-1,"['x1083', '0A', '1', 'x1305', '0B', '1']",C[C@@H]1CC[C@H](CO)N1CCCN(C)C,-3.1641793873743467,-3.0825047570099597,0.08167463036438694,1.2062907590919834,12.0,7.0,37.970234632492065,0.16653575723022876,acceptable,34.0
4,PV-004775056313-x1498-0A-1-x0147-0A-1,"['x1498', '0A', '1', 'x0147', '0A', '1']",C=CC1=CN=CN=C1C,-3.1141726580167606,-3.0206622024729697,0.09351045554379088,1.4814216485439384,10.0,0.0,25.051472663879395,0.31141726580167606,acceptable,25.0
80,PV-003752440515-x0980-0B-1-x1594-0A-1,"['x0980', '0B', '1', 'x1594', '0A', '1']",CC1=CC=C(F)C=C1C2=CC=C3SN=C(N)C3=C2,-3.113094590039588,-3.5267493964689383,-0.41365480642935004,1.9139097666777416,19.0,1.0,23.811954498291016,0.1556547295019794,acceptable,19.0
269,Z644155142-x1083-0A-1-x1305-0B-1,"['x1083', '0A', '1', 'x1305', '0B', '1']",CC(C(N)=O)N1CCC(N(C)C)CC1,-3.0829907670997945,-2.4858633995770116,0.5971273675227827,1.1587715351048067,15.0,4.0,24.383493423461914,0.16226267195262076,acceptable,43.0
89,PV-003029045121-x0980-0B-1-x1594-0A-1,"['x0980', '0B', '1', 'x1594', '0A', '1']",CC1=CC=C(O)C=C1C2=CC=C3SN=C(N)C3=C2,-3.0652379275644943,-3.48209711940298,-0.4168591918384855,1.922453105301357,19.0,1.0,26.491587162017822,0.1532618963782247,acceptable,19.0
173,PV-003663919038-x1537-0A-1-x0789-0A-1,"['x1537', '0A', '1', 'x0789', '0A', '1']",C[C@@H]1CCO[C@@H]1C(=O)NN2C=NC=N2,-3.0551493859495715,-2.1058012376644797,0.9493481482850917,0.39733195918776476,15.0,0.0,19.21501660346985,0.20367662572997144,acceptable,10.0
267,Z2465252357-x1083-0A-1-x1305-0B-1,"['x1083', '0A', '1', 'x1305', '0B', '1']",C[C@H](N)C(=O)N1CCC(N(C)C)CC1,-3.049861526254416,-3.0126961861072323,0.03716534014718371,1.0322221856872407,12.0,4.0,44.609166383743286,0.190616345390901,acceptable,50.0
15,PV-004937608758-x1498-0A-1-x1594-0A-1,"['x1498', '0A', '1', 'x1594', '0A', '1']",CC1=C(C=NO)N2C=CC=CC2=C1,-3.044446189196668,-2.655797919097474,0.3886482700991942,1.0550181632888742,10.0,3.0,31.42091464996338,0.23418816839974368,acceptable,0.0
79,Z2863162845-x0980-0B-1-x0147-0A-1,"['x0980', '0B', '1', 'x0147', '0A', '1']",CC1=CC=CC=C1C(CO)N(C)CC2=C(C)ON=C2,-2.994449860998082,-3.8553697597717838,-0.8609198987737018,1.1138230676554048,18.0,2.0,34.77719473838806,0.1497224930499041,acceptable,10.0
209,Z2874423946-x0789-0A-1-x1537-0A-1,"['x0789', '0A', '1', 'x1537', '0A', '1']",CC1=C(NC(=O)C2CCCO2)NN=N1,-2.9910339833965596,-2.4546294615837665,0.5364045218127929,0.4971851341562614,15.0,0.0,23.061486959457397,0.19940226555977064,acceptable,10.0
204,Z3084058693-x0789-0A-1-x1537-0A-1,"['x0789', '0A', '1', 'x1537', '0A', '1']",CC1CCSC1C(=O)NC2=CN=NS2,-2.9868550305662804,-2.608915290761417,0.3779397398048636,0.4879133046834591,15.0,0.0,19.348387479782104,0.1991236687044187,acceptable,10.0
83,PV-005657578357-x0980-0B-1-x1594-0A-1,"['x0980', '0B', '1', 'x1594', '0A', '1']",CC1=CC=C(F)C=C1C2=CC=C3C=NN(C)C3=C2,-2.9620162372472567,-3.5255385442322424,-0.5635223069849857,1.920242696591718,19.0,1.0,25.894091844558716,0.14810081186236285,acceptable,19.0
114,Z3391891166-x0147-0A-1-x1604-0A-1,"['x0147', '0A', '1', 'x1604', '0A', '1']",CN1C(CN2CC(=O)NC(C)(C)C2)=CN=C1Br,-2.9532566567877914,-2.806955212048743,0.14630144473904838,0.7622276192863169,17.0,1.0,33.11792874336243,0.1640698142659884,acceptable,20.0
55,Z1163562539-x0771-1A-1-x0147-0A-1,"['x0771', '1A', '1', 'x0147', '0A', '1']",C1=CN=CC(CNC2CCN3CCCC3C2)=C1,-2.9135725654430376,-2.132964116932386,0.7806084485106519,1.3221293103481884,16.0,6.0,34.27783799171448,0.13243511661104715,acceptable,42.0
175,Z4181633976-x1537-0A-1-x0789-0A-1,"['x1537', '0A', '1', 'x0789', '0A', '1']",CC1=NN=CN1NC(=O)C2CCCO2,-2.897048565864636,-2.221060521493565,0.6759880443710712,0.5870420733400903,15.0,0.0,18.163109064102173,0.1931365710576424,acceptable,19.0
172,Z2910021962-x1537-0A-1-x0789-0A-1,"['x1537', '0A', '1', 'x0789', '0A', '1']",C[C@@H]1CCO[C@@H]1C(=O)NN2C=CN=N2,-2.8718222495363253,-2.1126573005643845,0.7591649489719408,0.5390091135178322,15.0,0.0,20.731553554534912,0.191454816635755,acceptable,10.0
193,Z2861407468-x0789-0A-1-x1594-0A-1,"['x0789', '0A', '1', 'x1594', '0A', '1']",CC1=CNN=C1COC(=O)[C@H]2OCC[C@H]2C,-2.84782700388202,-2.604253567528389,0.24357343635363118,1.126391189537584,18.0,1.0,26.64128541946411,0.14988563178326422,acceptable,31.0
91,PV-002834207379-x0980-0B-1-x0789-0A-1,"['x0980', '0B', '1', 'x0789', '0A', '1']",CC1=CC=C(Br)C=C1NC(=O)C2=CC=NC=C2N,-2.838327593148571,-2.4554901915352234,0.3828374016133476,0.936417816386325,22.0,1.0,22.14214062690735,0.12340554752819875,acceptable,39.0
196,Z3010655082-x0789-0A-1-x1594-0A-1,"['x0789', '0A', '1', 'x1594', '0A', '1']",CC1=CN(C)N=C1COC(=O)[C@H]2OCC[C@H]2C,-2.7784026772677244,-2.8280776298933104,-0.04967495262558616,1.2988632373793918,18.0,2.0,21.694801807403564,0.13892013386338622,acceptable,31.0
99,Z1255682135-x0980-0B-1-x0789-0A-1,"['x0980', '0B', '1', 'x0789', '0A', '1']",CC1=CC=C(F)C=C1NC(=O)C2=CC=NC=C2F,-2.7359345993239,-2.112689629147237,0.6232449701766629,0.7131884804982488,21.0,1.0,22.567786931991577,0.12436066360563182,acceptable,37.0
50,Z2170781556-x0771-1A-1-x0147-0A-1,"['x0771', '1A', '1', 'x0147', '0A', '1']",C1=CN=CC(CNC2CCC3=C(C2)N=CN3)=C1,-2.7181356382253252,-2.4207431916702657,0.2973924465550595,1.3303663110054302,15.0,6.0,51.35837459564209,0.12943503039168217,acceptable,40.0
265,Z2433259852-x1083-0A-1-x1305-0B-1,"['x1083', '0A', '1', 'x1305', '0B', '1']",CC(N)C(=O)N1CCC(N(C)C)CC1,-2.7004582313636036,-2.5548416046124274,0.14561662675117615,0.9116505814058041,15.0,3.0,40.86302876472473,0.15002545729797798,acceptable,38.0
90,PV-002828450409-x0980-0B-1-x0789-0A-1,"['x0980', '0B', '1', 'x0789', '0A', '1']",CC1=CC=C(F)C=C1NC(=O)C2=CC=NC=C2N,-2.699348745405252,-2.2981383223116065,0.4012104230936454,0.7447183796295608,22.0,1.0,23.706925630569458,0.11736298893066312,acceptable,39.0
73,PV-005271719018-x0980-0B-1-x0147-0A-1,"['x0980', '0B', '1', 'x0147', '0A', '1']",CCN(CC1=CC(F)=CC=C1N)C2=CC=C3NC=CC3=C2,-2.696172653182979,-2.7344144426751416,-0.03824178949216268,0.9146954710825284,19.0,5.0,35.69198751449585,0.11234052721595746,acceptable,17.0
112,Z3318271376-x0147-0A-1-x1604-0A-1,"['x0147', '0A', '1', 'x1604', '0A', '1']",CN1C=NN=C1CN2CC(=O)NC(C)(C)C2,-2.6837143157407577,-2.1701945848159037,0.5135197309248539,0.6756832059171558,17.0,0.0,25.08135151863098,0.15786554798475044,acceptable,20.0
177,Z4181642004-x1537-0A-1-x0789-0A-1,"['x1537', '0A', '1', 'x0789', '0A', '1']",CC1=NN=CN1NC(=O)[C@H]2CCCO2,-2.671375548295546,-2.161270750522319,0.5101047977732273,0.825923085628833,16.0,0.0,21.361379623413086,0.16696097176847163,acceptable,17.0
227,PV-002176090560-x1305-0B-1-x1083-0A-1,"['x1305', '0B', '1', 'x1083', '0A', '1']",CC(CO)CNCC1=CSC(C(C)C)=N1,-2.6671453468736384,-2.550027453311317,0.11711789356232148,1.115537145703775,17.0,2.0,42.28858232498169,0.14037607088808624,acceptable,40.0
229,Z3833495945-x1305-0B-1-x1083-0A-1,"['x1305', '0B', '1', 'x1083', '0A', '1']",CC(C)C1=CC(CNCC(O)CO)=NO1,-2.6224652962074946,-2.128444733792176,0.4940205624153188,1.165846870494761,17.0,2.0,38.206021547317505,0.13802448927407865,acceptable,40.0
298,Z1227938510-x1247-0A-1-x1083-0A-1,"['x1247', '0A', '1', 'x1083', '0A', '1']",CC1=NC=CC(NC(=O)C2CCCN2S(C)(=O)=O)=N1,-2.6064144048964017,-0.2751888217975022,2.3312255830988997,0.9323356459756343,21.0,0.0,16.755030632019043,0.12411497166173342,acceptable,36.0
93,PV-005316693292-x0980-0B-1-x0789-0A-1,"['x0980', '0B', '1', 'x0789', '0A', '1']",CC1=CC=C(I)C=C1NC(=O)C2=CC=NC=C2N,-2.5940724569913356,-2.2256996836934637,0.3683727732978718,0.7398122222326264,22.0,1.0,24.488265991210938,0.11278575899962329,acceptable,39.0
100,Z4042965183-x0147-0A-1-x0771-1A-1,"['x0147', '0A', '1', 'x0771', '1A', '1']",C1=CN=CC(CNC2CCC3=C2C=NN3)=C1,-2.5862802970246377,-2.4008105438471956,0.18546975317744196,1.0812612323913864,16.0,1.0,31.58678364753723,0.15213413511909635,acceptable,37.0
18,PV-002339668562-x1498-0A-1-x1594-0A-1,"['x1498', '0A', '1', 'x1594', '0A', '1']",NC(=O)CC1=CC=CN=C1,-2.5420026412357952,-2.1827681767616207,0.35923446447417434,1.1241993880479526,10.0,1.0,24.284833908081055,0.2310911492032541,acceptable,0.0
72,Z2747642578-x0980-0B-1-x0147-0A-1,"['x0980', '0B', '1', 'x0147', '0A', '1']",CCN(CC1=CC(F)=CC=C1F)C2=CC=C3NC=CC3=C2,-2.540948852291762,-2.4152454106601566,0.12570344163160524,0.9758910003106512,18.0,5.0,33.879616260528564,0.11047603705616356,acceptable,10.0
96,Z1431491389-x0980-0B-1-x0789-0A-1,"['x0980', '0B', '1', 'x0789', '0A', '1']",CC1=CC=C(F)C=C1NC(=O)C2=CC=NC=C2Br,-2.5407289831182824,-2.2636136562368447,0.27711532688143753,0.9128807534020341,21.0,1.0,23.423584938049316,0.11548768105083101,acceptable,37.0
278,Z1730759612-x1083-0A-1-x1247-0A-1,"['x1083', '0A', '1', 'x1247', '0A', '1']",CC1=CC(NC2CCCN(S(C)(=O)=O)C2)=CC=N1,-2.5114604662204787,-1.2225561798861795,1.2889042863342994,1.3954950953614904,22.0,1.0,26.062414407730103,0.10919393331393386,acceptable,39.0
262,Z1393105964-x1083-0A-1-x1305-0B-1,"['x1083', '0A', '1', 'x1305', '0B', '1']",CC(O)C(C)N1CCC(N(C)C)CC1,-2.510860970484104,-1.9683725532967205,0.5424884171873836,1.1653905976524186,17.0,3.0,40.19595217704773,0.1255430485242052,acceptable,37.0
164,PV-002803953411-x1537-0A-1-x0771-1A-1,"['x1537', '0A', '1', 'x0771', '1A', '1']",CCC1C(C)CCN1CC2CCCC2,-2.4993778164970415,-2.340546740870039,0.15883107562700244,1.6898445191646698,14.0,6.0,43.6616644859314,0.12496889082485207,acceptable,28.0
127,Z2763633001-x1594-0A-1-x0771-1A-1,"['x1594', '0A', '1', 'x0771', '1A', '1']",CC[C@@H]1NCC[C@H]1NC2=NC(C3CCC3)=NO2,-2.493506728299663,-1.9201663544461223,0.5733403738535405,0.9755317897906662,18.0,1.0,38.90428614616394,0.13123719622629804,acceptable,43.0
221,Z3833351021-x1305-0B-1-x1083-0A-1,"['x1305', '0B', '1', 'x1083', '0A', '1']",CC(CO)CNCC1=NOC(C(C)C)=C1,-2.416797332984546,-2.721278562934719,-0.30448122995017296,1.2365915263207437,18.0,2.0,42.86425805091858,0.1208398666492273,acceptable,42.0
185,PV-004268637627-x0789-0A-1-x0771-1A-1,"['x0789', '0A', '1', 'x0771', '1A', '1']",C[C@@H]1CCC[C@H]1C(=O)NCCNC(=O)C2CCC3=C(C2)N=CN3,-2.3884379002772285,-1.3171946520518674,1.0712432482253609,1.7922659737406688,22.0,2.0,87.06433248519897,0.09951824584488451,acceptable,45.0
86,PV-003116889970-x0980-0B-1-x1594-0A-1,"['x0980', '0B', '1', 'x1594', '0A', '1']",CC1=CC=C(F)C=C1C2=CC=C3NN=C(C)C3=C2,-2.3733740478154997,-2.9263514294417354,-0.5529773816262359,1.8964050447377918,19.0,1.0,28.105268239974976,0.11866870239077498,acceptable,19.0
40,Z1720328326-x1498-0A-1-x0789-0A-1,"['x1498', '0A', '1', 'x0789', '0A', '1']",O=C(C1=CC=C(O)N=C1)N2CCCO2,-2.3520399952131847,-1.882986817194884,0.4690531780183006,1.0031832183078657,17.0,0.0,25.475507974624634,0.1383552938360697,acceptable,24.0
260,Z2945815649-x1083-0A-1-x1305-0B-1,"['x1083', '0A', '1', 'x1305', '0B', '1']",CCC(CO)N1CCC(N(C)C)CC1,-2.3479334900438635,-2.0016321374327255,0.3463013526111381,0.8274724032336017,15.0,4.0,35.53413271903992,0.12357544684441386,acceptable,50.0
228,Z4082062447-x1305-0B-1-x1083-0A-1,"['x1305', '0B', '1', 'x1083', '0A', '1']",CC(C)C1=CC(CNCC(F)CO)=NO1,-2.3309579147364623,-1.9670362260325465,0.3639216887039156,0.876461070312022,17.0,1.0,45.8764705657959,0.12949766192980347,acceptable,40.0
0,PV-002781551424-x1498-0A-1-x0147-0A-1,"['x1498', '0A', '1', 'x0147', '0A', '1']",C=CC1=CN=CN=C1O,-2.3272318509714025,-2.1471704065788675,0.18006144439253496,1.3008242409552007,10.0,0.0,23.890238046646118,0.23272318509714024,acceptable,25.0
174,PV-003124147301-x1537-0A-1-x0789-0A-1,"['x1537', '0A', '1', 'x0789', '0A', '1']",C[C@@H]1CCO[C@@H]1C(=O)NN2C=NN=C2,-2.3089183815597085,-1.6492591945607655,0.6596591869989431,0.3659405111625423,15.0,0.0,19.21712589263916,0.15392789210398056,acceptable,10.0
98,Z1302562567-x0980-0B-1-x0789-0A-1,"['x0980', '0B', '1', 'x0789', '0A', '1']",CC1=CC=C(F)C=C1NC(=O)C2=CC=NC=C2Cl,-2.268770736982311,-1.873126398545363,0.39564433843694824,0.9064258479736075,21.0,1.0,16.131361961364746,0.10312594259010505,acceptable,37.0
159,Z4268671154-x1594-0A-1-x0789-0A-1,"['x1594', '0A', '1', 'x0789', '0A', '1']",CCC1=NN=CN1NC(=O)C2SCCC2C,-2.213606028254819,-1.6643846358010024,0.5492213924538164,0.6875194859734262,17.0,1.0,23.16490149497986,0.12297811268082327,acceptable,30.0
148,Z1259423735-x1594-0A-1-x1604-0A-1,"['x1594', '0A', '1', 'x1604', '0A', '1']",CC1=NN=C(CSCC(=O)OC(C)C)N1C,-2.2065114190839266,-1.857554478075656,0.34895694100827046,1.7892678545894425,17.0,2.0,93.29616189002991,0.11613217995178561,acceptable,30.0
105,Z4043126410-x0147-0A-1-x0771-1A-1,"['x0147', '0A', '1', 'x0771', '1A', '1']",C1=NC=C(CNC2CCC3=C2C=NN3)C=N1,-2.1285623655163572,-1.9102149002068216,0.21834746530953586,1.0357857975502571,16.0,2.0,38.88357973098755,0.11825346475090874,acceptable,37.0
9,PV-004190278975-x1498-0A-1-x0147-0A-1,"['x1498', '0A', '1', 'x0147', '0A', '1']",C=CC1=CC=CN=C1CO,-2.094434324232202,-1.8021576301419338,0.2922766940902683,1.595509505739529,9.0,2.0,32.50354814529419,0.19040312038474563,acceptable,25.0
261,Z2947140611-x1083-0A-1-x1305-0B-1,"['x1083', '0A', '1', 'x1305', '0B', '1']",CCC(CO)N1CCC(C(C)C)CC1,-2.0458742104150867,-1.7143610170726955,0.33151319334239127,0.91501496960743,19.0,1.0,39.06910586357117,0.10229371052075434,acceptable,43.0
299,Z4652096153-x1247-0A-1-x1083-0A-1,"['x1247', '0A', '1', 'x1083', '0A', '1']",CC1=NC=CC(NC(=O)[C@@H]2CCCN2S(C)(=O)=O)=N1,-2.041296437102344,-0.303206194219538,1.7380902428828062,0.9849370101980279,21.0,0.0,19.513038396835327,0.09720459224296876,acceptable,36.0
125,Z2752927872-x1594-0A-1-x0771-1A-1,"['x1594', '0A', '1', 'x0771', '1A', '1']",CC[C@@H]1NCC[C@H]1NC2=NC(CC3CC3)=NS2,-2.018349031205764,-1.395031388365701,0.6233176428400626,1.0624247566174057,17.0,1.0,42.571544885635376,0.11213050173365355,acceptable,42.0
75,Z1494959618-x0980-0B-1-x0147-0A-1,"['x0980', '0B', '1', 'x0147', '0A', '1']",CC1=CC=C(F)C=C1C(=O)N2CCC3=C(C2)NN=C3,-2.0182203669195795,-1.9315325952664697,0.08668777165310967,1.1279654661026226,18.0,1.0,40.22538661956787,0.10622212457471471,acceptable,10.0
295,Z4514592927-x1247-0A-1-x1083-0A-1,"['x1247', '0A', '1', 'x1083', '0A', '1']",CC1=CC=CC(NC(=O)[C@@H]2CCCN2S(C)(=O)=O)=C1,-2.006672386032382,-0.5499895943324721,1.45668279169991,0.762425169917496,20.0,0.0,20.825162172317505,0.1003336193016191,acceptable,34.0
53,Z2170784697-x0771-1A-1-x0147-0A-1,"['x0771', '1A', '1', 'x0147', '0A', '1']",C1=CC=C(CNC2CCC3=C(C2)N=CN3)C=C1,-1.9889748533807297,-1.7118016051009235,0.2771732482798062,1.0786104922191506,15.0,6.0,52.07477951049805,0.09471308825622522,acceptable,40.0
149,Z1272928624-x1594-0A-1-x1604-0A-1,"['x1594', '0A', '1', 'x1604', '0A', '1']",CC1=NN=C(SCCC(=O)OC(C)C)N1C,-1.9630462521417322,-1.4284661291636183,0.5345801229781139,1.1753937102340062,18.0,2.0,34.03741478919983,0.09815231260708661,acceptable,28.0
290,Z244508032-x1247-0A-1-x1083-0A-1,"['x1247', '0A', '1', 'x1083', '0A', '1']",CC1=CC=CC(NC(=O)C2CCCN2S(C)(=O)=O)=N1,-1.9507010692440323,-0.20569613937255476,1.7450049298714776,0.8356397489784957,21.0,0.0,21.053839921951294,0.09289052710685868,acceptable,36.0
291,Z1199451833-x1247-0A-1-x1083-0A-1,"['x1247', '0A', '1', 'x1083', '0A', '1']",CC1=CC=CC(NC(=O)[C@@H]2CCCN2S(C)(=O)=O)=N1,-1.9419868946763805,-0.16024043134886845,1.781746463327512,1.0060836952993693,20.0,0.0,17.428386688232422,0.09709934473381902,acceptable,34.0
296,Z203601410-x1247-0A-1-x1083-0A-1,"['x1247', '0A', '1', 'x1083', '0A', '1']",CC1=CC=NC(NC(=O)C2CCCN2S(C)(=O)=O)=N1,-1.912050346452494,0.0840320029798679,1.996082349432362,1.2694287237306308,21.0,0.0,21.821662664413452,0.0910500164977378,acceptable,38.0
263,Z1796862276-x1083-0A-1-x1305-0B-1,"['x1083', '0A', '1', 'x1305', '0B', '1']",CC1CCN(CCCN(C)C)C1CO,-1.91145629469225,-1.5176652190865394,0.39379107560571047,1.4330057266610678,13.0,6.0,35.921329736709595,0.10060296287853947,acceptable,50.0
77,Z908362208-x0980-0B-1-x0147-0A-1,"['x0980', '0B', '1', 'x0147', '0A', '1']",CC1=CC=C(F)C=C1C(=O)N2CCC3=C(C=NN3)C2,-1.894149758935506,-2.1507646355639785,-0.2566148766284725,1.1536659069879636,18.0,1.0,35.413941860198975,0.09969209257555295,acceptable,10.0
153,PV-003300718887-x1594-0A-1-x0789-0A-1,"['x1594', '0A', '1', 'x0789', '0A', '1']",CC1=NN=C(CNC(=O)[C@H]2OCC[C@H]2C)N1C,-1.8207157561025593,-1.102299610702578,0.7184161453999813,1.967931349325989,16.0,2.0,25.605448961257935,0.10115087533903107,acceptable,23.0
154,Z3145758846-x1594-0A-1-x0789-0A-1,"['x1594', '0A', '1', 'x0789', '0A', '1']",CC1=NN=C(COC(=O)[C@H]2OCC[C@H]2C)N1C,-1.7781386149625147,-1.6684217208501868,0.10971689411232788,1.6931318261467923,16.0,2.0,34.18524646759033,0.09878547860902859,acceptable,23.0
226,Z3875474933-x1305-0B-1-x1083-0A-1,"['x1305', '0B', '1', 'x1083', '0A', '1']",CC(C)C1=NC(CNC[C@H](C)CO)=CS1,-1.761281579485776,-1.6830141819218873,0.07826739756388865,1.0019679807365138,17.0,2.0,37.92116641998291,0.09269903049925136,acceptable,40.0
297,Z4651720917-x1247-0A-1-x1083-0A-1,"['x1247', '0A', '1', 'x1083', '0A', '1']",CC1=CC=NC(NC(=O)[C@@H]2CCCN2S(C)(=O)=O)=N1,-1.751630002992158,0.26464750697153155,2.0162775099636896,0.7969443517463968,20.0,0.0,21.10526704788208,0.0875815001496079,acceptable,34.0
152,Z4268659935-x1594-0A-1-x0789-0A-1,"['x1594', '0A', '1', 'x0789', '0A', '1']",CCC1=NN=CN1NC(=O)[C@@H]2OCC[C@@H]2C,-1.677179274018454,-0.5923586424672649,1.084820631551189,0.8543454614979298,17.0,1.0,25.6332368850708,0.09317662633435855,acceptable,30.0
88,PV-006131230227-x0980-0B-1-x1594-0A-1,"['x0980', '0B', '1', 'x1594', '0A', '1']",CC1=CC=C(F)C=C1C2=CC=C3OCC(N)C3=C2,-1.6709390167322893,-2.123564479095074,-0.4526254623627845,1.6988765531572787,19.0,1.0,24.105431079864502,0.08354695083661447,acceptable,19.0
184,PV-004505592398-x0789-0A-1-x0771-1A-1,"['x0789', '0A', '1', 'x0771', '1A', '1']",C[C@@H]1CCO[C@@H]1C(=O)NCCNC(=O)C2=CN=C3NCCC3=C2,-1.610737585588447,-0.7477910491863196,0.8629465364021275,1.3044458326113855,23.0,0.0,112.46621346473694,0.07003206893862812,acceptable,45.0
46,Z3020783363-x1498-0A-1-x0789-0A-1,"['x1498', '0A', '1', 'x0789', '0A', '1']",NC1=CC=C(C(=O)N2CCCO2)C=N1,-1.5824659730989037,-1.1011940226502968,0.481271950448607,0.9698510841259181,12.0,4.0,15.988217115402222,0.09890412331868148,acceptable,0.0
76,Z5408506534-x0980-0B-1-x0147-0A-1,"['x0980', '0B', '1', 'x0147', '0A', '1']",CC1=CC=C(F)C=C1C(=O)N2CCC3=C(C2)ON=C3,-1.4484782870984088,-1.358719293987416,0.08975899311099289,1.111445380562475,18.0,1.0,37.466723918914795,0.07623569932096888,acceptable,10.0
119,Z2824940785-x0147-0A-1-x1604-0A-1,"['x0147', '0A', '1', 'x1604', '0A', '1']",CN1C(CN2CCOC(C)(C)C2)=CN=C1Br,-1.4383046870903182,-1.2865985028189544,0.15170618427136393,1.010872708627189,17.0,1.0,31.863138675689697,0.07990581594946213,acceptable,20.0
150,Z4108791337-x1594-0A-1-x0789-0A-1,"['x1594', '0A', '1', 'x0789', '0A', '1']",CCC1=NOC(=O)N1CCC2OCCC2C,-1.3758206712579513,-0.867290161416766,0.5085305098411853,1.8327595746394825,13.0,5.0,27.52066206932068,0.07643448173655285,acceptable,43.0
294,Z118695508-x1247-0A-1-x1083-0A-1,"['x1247', '0A', '1', 'x1083', '0A', '1']",CC1=CC=CC(NC(=O)C2CCCN2S(C)(=O)=O)=C1,-1.3640031178988377,0.09557108629934152,1.4595742041981792,1.1144186623938803,20.0,0.0,17.71311378479004,0.06820015589494188,acceptable,34.0
224,Z4043639625-x1305-0B-1-x1083-0A-1,"['x1305', '0B', '1', 'x1083', '0A', '1']",CC(C)C1=CNC(CNC[C@H](C)CO)=N1,-1.3575657756887247,-1.1786629377350453,0.17890283795367945,0.9329510546541678,18.0,2.0,42.353519439697266,0.06787828878443623,acceptable,42.0
225,Z2852388914-x1305-0B-1-x1083-0A-1,"['x1305', '0B', '1', 'x1083', '0A', '1']",CC(CO)CNCC1=NC(C(C)C)=CN1,-1.2873567049287742,-1.222800815669221,0.06455588925955323,1.281776808869383,19.0,1.0,67.57815885543823,0.06436783524643871,acceptable,43.0
128,Z3514599669-x1594-0A-1-x0771-1A-1,"['x1594', '0A', '1', 'x0771', '1A', '1']",CCC1=NC=CN1CC2=NC3=C(CCCC3)N2,-1.2833944065617295,-0.5528943879402816,0.7305000186214479,1.8046569710267215,18.0,1.0,78.29307436943054,0.06754707402956471,acceptable,43.0
165,PV-003098580002-x1537-0A-1-x0771-1A-1,"['x1537', '0A', '1', 'x0771', '1A', '1']",CCCCN1CCC[C@@H]2OCC[C@@H]2C1,-1.2445769485603875,-0.9704022730860782,0.2741746754743092,1.5231576021030517,14.0,3.0,47.67364549636841,0.07321040873884632,acceptable,28.0
276,Z2010474894-x1083-0A-1-x1247-0A-1,"['x1083', '0A', '1', 'x1247', '0A', '1']",CS(=O)(=O)N1CCCC(NC2=CC=CC(Cl)=N2)C1,-1.212204819095102,-0.13731735271473697,1.0748874663803651,1.663121343331244,19.0,3.0,57.45951819419861,0.05510021904977736,acceptable,27.0
180,PV-006301229662-x0789-0A-1-x0771-1A-1,"['x0789', '0A', '1', 'x0771', '1A', '1']",C[C@@H]1CCO[C@@H]1C(=O)NCCNC(=O)C2CCC3=C(C2)N=CN3,-1.2112085524308531,-0.2263070395937028,0.9849015128371503,1.742526773232441,22.0,3.0,72.07889485359192,0.04844834209723412,acceptable,45.0
189,PV-005056899153-x0789-0A-1-x0771-1A-1,"['x0789', '0A', '1', 'x0771', '1A', '1']",CC1CCSC1C(=O)NCCNC(=O)C2=CC=C3NCCC3=C2,-1.1852643529699045,-0.4367430413630635,0.7485213116068411,1.2388119786966516,23.0,0.0,72.25503659248352,0.051533232737821934,acceptable,45.0
163,PV-003242128974-x1537-0A-1-x0771-1A-1,"['x1537', '0A', '1', 'x0771', '1A', '1']",CCCN1CCC[C@@H]2OCC[C@@H]2C1,-1.1759711743439707,-0.9389714920294452,0.2369996823145256,1.528309825611992,14.0,2.0,40.365933656692505,0.07349819839649817,acceptable,28.0
279,Z2225807950-x1083-0A-1-x1247-0A-1,"['x1083', '0A', '1', 'x1247', '0A', '1']",CC1=CC=CC(NC2CCCC(S(C)(=O)=O)C2)=C1,-1.112931183034489,0.19448231721116405,1.307413500245653,1.4977831204139833,21.0,2.0,30.989396572113037,0.04838831230584735,acceptable,34.0
59,PV-002771017109-x0771-1A-1-x0147-0A-1,"['x0771', '1A', '1', 'x0147', '0A', '1']",C1=NC=C(CNC2CCC3=C(C=NN3)C2)N=C1,-1.07292566121139,-0.7844697467436902,0.2884559144676998,1.6345288951363768,18.0,1.0,82.522634267807,0.05646977164270474,acceptable,40.0
147,Z1155360729-x1594-0A-1-x1604-0A-1,"['x1594', '0A', '1', 'x1604', '0A', '1']",CC1=NN=C(CCCC(=O)NC(C)C)N1C,-1.0701998252821376,-0.9924137232642629,0.07778610201787466,1.8449824815582745,17.0,2.0,60.195173501968384,0.05632630659379672,acceptable,30.0
66,PV-006153363717-x0771-1A-1-x0789-0A-1,"['x0771', '1A', '1', 'x0789', '0A', '1']",C[C@@H]1CCO[C@@H]1C(=O)NCCNC(=O)C2CCC3=C(C2)NN=C3,-1.0668214345143645,0.11056212341514515,1.1773835579295095,1.9966184720288516,17.0,7.0,92.09892916679382,0.04445089310476519,acceptable,22.0
101,Z3506119528-x0147-0A-1-x0771-1A-1,"['x0147', '0A', '1', 'x0771', '1A', '1']",C1=CN=CC(CNC2CCC3=C2C=CS3)=C1,-1.0456960179380763,-0.895790125841898,0.14990589209617838,0.9109658810990459,17.0,0.0,62.301846981048584,0.061511530466945664,acceptable,39.0
275,Z2233968667-x1083-0A-1-x1247-0A-1,"['x1083', '0A', '1', 'x1247', '0A', '1']",CS(=O)(=O)N1CCCC(NC2=CC=CC(Br)=N2)C1,-1.0303872994611276,-0.09115416547918583,0.9392331339819419,1.4920874548188978,22.0,1.0,37.68098568916321,0.044799447802657724,acceptable,37.0
124,Z2769180241-x1594-0A-1-x0771-1A-1,"['x1594', '0A', '1', 'x0771', '1A', '1']",CCC1=NC=CN1CC2=NC(CC3CC3)=NO2,-1.0201358731102907,-0.06437433711672341,0.9557615359935673,1.949689109992949,16.0,1.0,63.438340187072754,0.06000799253589945,acceptable,40.0
